SET SQL_MODE = "NO_AUTO_VALUE_ON_ZERO";
START TRANSACTION;
SET time_zone = "+00:00";

/*!40101 SET @OLD_CHARACTER_SET_CLIENT=@@CHARACTER_SET_CLIENT */;
/*!40101 SET @OLD_CHARACTER_SET_RESULTS=@@CHARACTER_SET_RESULTS */;
/*!40101 SET @OLD_COLLATION_CONNECTION=@@COLLATION_CONNECTION */;
/*!40101 SET NAMES utf8mb4 */;


CREATE TABLE `account` (
  `_id` int(10) UNSIGNED ZEROFILL NOT NULL,
  `user_fullname` varchar(100) NOT NULL,
  `user_password` text NOT NULL,
  `user_type` varchar(20) NOT NULL,
  `created_at` text NOT NULL,
  `updated_at` text NOT NULL,
  `user_name` varchar(20) DEFAULT NULL,
  `dateofbirth` int(11) DEFAULT NULL,
  `address` text DEFAULT NULL,
  `phonenumber` int(15) DEFAULT NULL,
  `user_email` text NOT NULL
) ENGINE=InnoDB DEFAULT CHARSET=latin1 COLLATE=latin1_swedish_ci;

INSERT INTO `account` (`_id`, `user_fullname`, `user_password`, `user_type`, `created_at`, `updated_at`, `user_name`, `dateofbirth`, `address`, `phonenumber`, `user_email`) VALUES
(2023000016, 'test', 'a279b9c7d0bee32b4807c59bc3490119cb5fd217fca9a1894604e7b912d3ef1705e7cedcf451e3803402cd1f7248064e8466d9415b0a94bc52288f91f36c52c9', 'User', '2023-10-30 20:45:01', '2023-10-30 20:45:01', 'mrepol742', NULL, NULL, NULL, 'mrepol742@gmail.com'),
(2023000017, 'admin', 'e54ee7e285fbb0275279143abc4c554e5314e7b417ecac83a5984a964facbaad68866a2841c3e83ddf125a2985566261c4014f9f960ec60253aebcda9513a9b4', 'User', '2023-10-31 02:20:08', '2023-10-31 02:20:08', 'admin', NULL, NULL, NULL, 'admin@gmail.com'),
(2023000018, 'test', '0cb7ee49638633b9f9a5b1be3aaff23f3c234ebbb6b033b76e23d3e37fee44e2d93f97c9f21297c651aa3b22a2b5402e046fda3f672ec25f773094f13789b80c', 'User', '2023-11-13 11:02:41', '2023-11-13 11:02:41', 'mrepol742a', NULL, NULL, NULL, 'mrepol742a@gmail.com'),
(2023000020, 'DROP table account', '0cb7ee49638633b9f9a5b1be3aaff23f3c234ebbb6b033b76e23d3e37fee44e2d93f97c9f21297c651aa3b22a2b5402e046fda3f672ec25f773094f13789b80c', 'User', '2023-11-15 13:07:24', '2023-11-15 13:07:24', 'mrepol742a', NULL, NULL, NULL, 'mrepol742a@gmail.com'),
(2023000021, 'DELETE FROM account WHERE `account`.`_id` = 2023000020', 'af466a13c6038b4509715b4e36b7b15f50b2913961b3d3ac31f8b83419eba7222073b4a92bbc73d4951a034b9ea4a4fe71637b8e6585f3f912a6d233a9af8e97', 'Super Admin', '2023-11-15 13:08:17', '2023-11-15 13:08:17', 'mrepol742a', NULL, NULL, NULL, 'mrepol742a@gmail.com'),
(2023000022, '&quot; or &quot;&quot;=&quot;', 'cdb65c7ad73095110b5d10a46d474c360941df221af93eadf04af7c24264a5d0693af751a912490834797405993c3fe626237130840904708e05d727c38ce345', 'Admin', '2023-11-15 13:09:22', '2023-11-15 13:09:22', 'mrepol742a', NULL, NULL, NULL, 'mrepol742a@gmail.com'),
(2023000023, '105; DROP TABLE account', '0cb7ee49638633b9f9a5b1be3aaff23f3c234ebbb6b033b76e23d3e37fee44e2d93f97c9f21297c651aa3b22a2b5402e046fda3f672ec25f773094f13789b80c', 'Admin', '2023-11-15 13:09:52', '2023-11-15 13:09:52', 'mrepol742a', NULL, NULL, NULL, 'mrepol742a@gmail.com'),
(2023000024, '105; DROP TABLE account', '0cb7ee49638633b9f9a5b1be3aaff23f3c234ebbb6b033b76e23d3e37fee44e2d93f97c9f21297c651aa3b22a2b5402e046fda3f672ec25f773094f13789b80c', 'Admin', '2023-11-15 13:11:56', '2023-11-15 13:11:56', 'mrepol742a', NULL, NULL, NULL, 'mrepol742a@gmail.com'),
(2023000025, '  ', '0cb7ee49638633b9f9a5b1be3aaff23f3c234ebbb6b033b76e23d3e37fee44e2d93f97c9f21297c651aa3b22a2b5402e046fda3f672ec25f773094f13789b80c', 'User', '2023-11-15 13:12:14', '2023-11-15 13:12:14', 'mrepol742a', NULL, NULL, NULL, 'mrepol742a@gmail.com');

CREATE TABLE `account_session` (
  `_sid` int(10) UNSIGNED ZEROFILL NOT NULL,
  `user_agent` text DEFAULT NULL,
  `session_started` text NOT NULL,
  `session_ended` text DEFAULT NULL,
  `session_status` varchar(10) NOT NULL COMMENT 'active = means the account is currently loggedin, end = means the user logout the account',
  `user_id` int(10) UNSIGNED NOT NULL,
  `last_accessed` text NOT NULL
) ENGINE=InnoDB DEFAULT CHARSET=latin1 COLLATE=latin1_swedish_ci;

INSERT INTO `account_session` (`_sid`, `user_agent`, `session_started`, `session_ended`, `session_status`, `user_id`, `last_accessed`) VALUES
(1000000036, '13421c7434b48507a2be73e73078d1c6604e54d3a88a89c4f5037e79edb10406daef78d23dd54a8636d8ffe5d96ee1b182829c16bc1084e90a9d2f3fbd48e6a1', '2023-10-30 20:53:05', '2023-10-30 20:54:40', 'end', 2023000016, ''),
(1000000037, '13421c7434b48507a2be73e73078d1c6604e54d3a88a89c4f5037e79edb10406daef78d23dd54a8636d8ffe5d96ee1b182829c16bc1084e90a9d2f3fbd48e6a1', '2023-10-30 20:58:19', '2023-10-30 21:02:28', 'end', 2023000016, ''),
(1000000038, '13421c7434b48507a2be73e73078d1c6604e54d3a88a89c4f5037e79edb10406daef78d23dd54a8636d8ffe5d96ee1b182829c16bc1084e90a9d2f3fbd48e6a1', '2023-10-30 21:26:50', '2023-10-30 21:27:27', 'end', 2023000016, ''),
(1000000039, '13421c7434b48507a2be73e73078d1c6604e54d3a88a89c4f5037e79edb10406daef78d23dd54a8636d8ffe5d96ee1b182829c16bc1084e90a9d2f3fbd48e6a1', '2023-10-30 21:28:01', '2023-10-30 21:29:14', 'end', 2023000016, ''),
(1000000040, '13421c7434b48507a2be73e73078d1c6604e54d3a88a89c4f5037e79edb10406daef78d23dd54a8636d8ffe5d96ee1b182829c16bc1084e90a9d2f3fbd48e6a1', '2023-10-30 21:29:35', '2023-10-31 02:06:09', 'end', 2023000016, ''),
(1000000041, '13421c7434b48507a2be73e73078d1c6604e54d3a88a89c4f5037e79edb10406daef78d23dd54a8636d8ffe5d96ee1b182829c16bc1084e90a9d2f3fbd48e6a1', '2023-10-31 02:06:37', '2023-10-31 02:08:17', 'end', 2023000016, '2023-10-31 02:06:37'),
(1000000042, '13421c7434b48507a2be73e73078d1c6604e54d3a88a89c4f5037e79edb10406daef78d23dd54a8636d8ffe5d96ee1b182829c16bc1084e90a9d2f3fbd48e6a1', '2023-10-31 02:08:25', '2023-10-31 02:08:48', 'end', 2023000016, '2023-10-31 02:08:25'),
(1000000043, '13421c7434b48507a2be73e73078d1c6604e54d3a88a89c4f5037e79edb10406daef78d23dd54a8636d8ffe5d96ee1b182829c16bc1084e90a9d2f3fbd48e6a1', '2023-10-31 02:08:54', '2023-10-31 02:09:52', 'end', 2023000016, '2023-10-31 02:08:54'),
(1000000044, '13421c7434b48507a2be73e73078d1c6604e54d3a88a89c4f5037e79edb10406daef78d23dd54a8636d8ffe5d96ee1b182829c16bc1084e90a9d2f3fbd48e6a1', '2023-10-31 02:10:02', '2023-10-31 02:19:50', 'end', 2023000016, '2023-10-31 02:10:02'),
(1000000045, '13421c7434b48507a2be73e73078d1c6604e54d3a88a89c4f5037e79edb10406daef78d23dd54a8636d8ffe5d96ee1b182829c16bc1084e90a9d2f3fbd48e6a1', '2023-10-31 02:20:13', '2023-11-01 03:22:28', 'end', 2023000017, '2023-11-01 03:18:58'),
(1000000046, '13421c7434b48507a2be73e73078d1c6604e54d3a88a89c4f5037e79edb10406daef78d23dd54a8636d8ffe5d96ee1b182829c16bc1084e90a9d2f3fbd48e6a1', '2023-11-01 03:38:01', '2023-11-01 16:20:24', 'end', 2023000016, '2023-11-01 03:45:30'),
(1000000047, '13421c7434b48507a2be73e73078d1c6604e54d3a88a89c4f5037e79edb10406daef78d23dd54a8636d8ffe5d96ee1b182829c16bc1084e90a9d2f3fbd48e6a1', '2023-11-13 11:02:45', '2023-11-13 11:45:49', 'end', 2023000018, '2023-11-13 11:02:45');

CREATE TABLE `error` (
  `_eid` int(10) UNSIGNED ZEROFILL NOT NULL,
  `error_code` int(11) NOT NULL,
  `error_name` varchar(50) NOT NULL,
  `error_date` text NOT NULL,
  `session_id` int(11) UNSIGNED DEFAULT NULL,
  `user_id` int(11) UNSIGNED DEFAULT NULL
) ENGINE=InnoDB DEFAULT CHARSET=latin1 COLLATE=latin1_swedish_ci;

INSERT INTO `error` (`_eid`, `error_code`, `error_name`, `error_date`, `session_id`, `user_id`) VALUES
(0000000001, 404, 'File Not Found', '2023-11-01 03:18:58', 1000000045, 2023000017),
(0000000002, 404, 'File Not Found', '2023-11-01 03:23:46', NULL, NULL),
(0000000003, 404, 'File Not Found', '2023-11-01 03:34:31', NULL, NULL),
(0000000004, 404, 'File Not Found', '2023-11-01 03:34:34', NULL, NULL),
(0000000005, 404, 'File Not Found', '2023-11-01 03:34:57', NULL, NULL),
(0000000006, 404, 'File Not Found', '2023-11-01 03:35:23', NULL, NULL),
(0000000007, 404, 'File Not Found', '2023-11-01 03:35:27', NULL, NULL),
(0000000008, 404, 'File Not Found', '2023-11-01 03:35:29', NULL, NULL),
(0000000009, 404, 'File Not Found', '2023-11-01 03:41:08', 1000000046, 2023000016),
(0000000010, 404, 'File Not Found', '2023-11-01 03:44:38', 1000000046, 2023000016),
(0000000011, 404, 'File Not Found', '2023-11-01 03:45:30', 1000000046, 2023000016),
(0000000012, 404, 'File Not Found', '2023-11-01 12:02:07', 1000000046, 2023000016),
(0000000013, 404, 'File Not Found', '2023-11-01 12:07:52', 1000000046, 2023000016),
(0000000014, 404, 'File Not Found', '2023-11-01 12:08:15', 1000000046, 2023000016),
(0000000015, 404, 'File Not Found', '2023-11-01 12:08:44', 1000000046, 2023000016),
(0000000016, 404, 'File Not Found', '2023-11-01 12:08:48', 1000000046, 2023000016),
(0000000017, 404, 'File Not Found', '2023-11-01 12:08:52', 1000000046, 2023000016),
(0000000018, 404, 'File Not Found', '2023-11-01 16:29:07', NULL, NULL),
(0000000019, 404, 'File Not Found', '2023-11-01 20:14:46', NULL, NULL),
(0000000020, 404, 'File Not Found', '2023-11-01 20:15:33', NULL, NULL),
(0000000021, 404, 'File Not Found', '2023-11-01 20:16:46', NULL, NULL),
(0000000022, 404, 'File Not Found', '2023-11-01 20:17:00', NULL, NULL),
(0000000023, 404, 'File Not Found', '2023-11-01 20:17:13', NULL, NULL),
(0000000024, 404, 'File Not Found', '2023-11-01 20:17:26', NULL, NULL),
(0000000025, 404, 'File Not Found', '2023-11-01 20:17:32', NULL, NULL),
(0000000026, 404, 'File Not Found', '2023-11-01 20:18:46', NULL, NULL),
(0000000027, 404, 'File Not Found', '2023-11-01 20:19:00', NULL, NULL),
(0000000028, 404, 'File Not Found', '2023-11-01 20:20:57', NULL, NULL),
(0000000029, 404, 'File Not Found', '2023-11-01 20:21:30', NULL, NULL),
(0000000030, 404, 'File Not Found', '2023-11-01 20:22:21', NULL, NULL),
(0000000031, 404, 'File Not Found', '2023-11-01 20:22:33', NULL, NULL),
(0000000032, 404, 'File Not Found', '2023-11-01 20:22:50', NULL, NULL),
(0000000033, 404, 'File Not Found', '2023-11-01 20:24:12', NULL, NULL),
(0000000034, 404, 'File Not Found', '2023-11-01 20:26:21', NULL, NULL),
(0000000035, 404, 'File Not Found', '2023-11-01 20:27:01', NULL, NULL),
(0000000036, 404, 'File Not Found', '2023-11-01 20:27:09', NULL, NULL),
(0000000037, 404, 'File Not Found', '2023-11-01 20:27:17', NULL, NULL),
(0000000038, 404, 'File Not Found', '2023-11-01 20:28:06', NULL, NULL),
(0000000039, 404, 'File Not Found', '2023-11-01 20:28:14', NULL, NULL),
(0000000040, 404, 'File Not Found', '2023-11-01 20:28:22', NULL, NULL),
(0000000041, 404, 'File Not Found', '2023-11-11 02:16:00', NULL, NULL),
(0000000042, 404, 'File Not Found', '2023-11-11 04:01:43', NULL, NULL),
(0000000043, 404, 'File Not Found', '2023-11-11 04:04:01', NULL, NULL),
(0000000044, 404, 'File Not Found', '2023-11-11 04:04:16', NULL, NULL),
(0000000045, 404, 'File Not Found', '2023-11-11 04:04:32', NULL, NULL),
(0000000046, 404, 'File Not Found', '2023-11-11 04:04:54', NULL, NULL),
(0000000047, 404, 'File Not Found', '2023-11-11 04:05:11', NULL, NULL),
(0000000048, 404, 'File Not Found', '2023-11-11 17:19:12', NULL, NULL),
(0000000049, 404, 'File Not Found', '2023-11-11 17:19:13', NULL, NULL),
(0000000050, 404, 'File Not Found', '2023-11-11 17:19:34', NULL, NULL),
(0000000051, 404, 'File Not Found', '2023-11-11 17:19:35', NULL, NULL),
(0000000052, 404, 'File Not Found', '2023-11-11 17:19:43', NULL, NULL),
(0000000053, 404, 'File Not Found', '2023-11-11 17:19:43', NULL, NULL),
(0000000054, 404, 'File Not Found', '2023-11-11 17:19:55', NULL, NULL),
(0000000055, 404, 'File Not Found', '2023-11-11 17:19:56', NULL, NULL),
(0000000056, 404, 'File Not Found', '2023-11-11 17:20:05', NULL, NULL),
(0000000057, 404, 'File Not Found', '2023-11-11 17:20:07', NULL, NULL),
(0000000058, 404, 'File Not Found', '2023-11-11 17:20:31', NULL, NULL),
(0000000059, 404, 'File Not Found', '2023-11-11 17:20:31', NULL, NULL),
(0000000060, 404, 'File Not Found', '2023-11-11 17:20:58', NULL, NULL),
(0000000061, 404, 'File Not Found', '2023-11-11 17:20:59', NULL, NULL),
(0000000062, 404, 'File Not Found', '2023-11-11 17:22:19', NULL, NULL),
(0000000063, 404, 'File Not Found', '2023-11-11 17:22:19', NULL, NULL),
(0000000064, 404, 'File Not Found', '2023-11-11 17:22:20', NULL, NULL),
(0000000065, 404, 'File Not Found', '2023-11-11 17:22:20', NULL, NULL),
(0000000066, 404, 'File Not Found', '2023-11-11 17:22:20', NULL, NULL),
(0000000067, 404, 'File Not Found', '2023-11-11 17:22:20', NULL, NULL),
(0000000068, 404, 'File Not Found', '2023-11-11 17:22:21', NULL, NULL),
(0000000069, 404, 'File Not Found', '2023-11-11 17:22:21', NULL, NULL),
(0000000070, 404, 'File Not Found', '2023-11-12 07:53:39', NULL, NULL),
(0000000071, 404, 'File Not Found', '2023-11-12 07:53:39', NULL, NULL),
(0000000072, 404, 'File Not Found', '2023-11-12 07:53:51', NULL, NULL),
(0000000073, 404, 'File Not Found', '2023-11-12 07:53:51', NULL, NULL),
(0000000074, 404, 'File Not Found', '2023-11-12 08:00:32', NULL, NULL),
(0000000075, 404, 'File Not Found', '2023-11-13 08:53:57', NULL, NULL),
(0000000076, 404, 'File Not Found', '2023-11-13 08:54:36', NULL, NULL),
(0000000077, 404, 'File Not Found', '2023-11-13 09:35:02', NULL, NULL),
(0000000078, 404, 'File Not Found', '2023-11-13 09:35:02', NULL, NULL),
(0000000079, 404, 'File Not Found', '2023-11-13 09:35:14', NULL, NULL),
(0000000080, 404, 'File Not Found', '2023-11-13 09:35:14', NULL, NULL),
(0000000081, 404, 'File Not Found', '2023-11-13 09:36:43', NULL, NULL),
(0000000082, 404, 'File Not Found', '2023-11-13 09:36:43', NULL, NULL),
(0000000083, 404, 'File Not Found', '2023-11-13 09:38:40', NULL, NULL),
(0000000084, 404, 'File Not Found', '2023-11-13 09:38:40', NULL, NULL),
(0000000085, 404, 'File Not Found', '2023-11-13 09:38:44', NULL, NULL),
(0000000086, 404, 'File Not Found', '2023-11-13 09:38:45', NULL, NULL),
(0000000087, 404, 'File Not Found', '2023-11-13 09:38:49', NULL, NULL),
(0000000088, 404, 'File Not Found', '2023-11-13 09:38:49', NULL, NULL),
(0000000089, 404, 'File Not Found', '2023-11-13 09:45:35', NULL, NULL),
(0000000090, 404, 'File Not Found', '2023-11-13 09:45:36', NULL, NULL),
(0000000091, 404, 'File Not Found', '2023-11-13 09:45:50', NULL, NULL),
(0000000092, 404, 'File Not Found', '2023-11-13 09:45:50', NULL, NULL),
(0000000093, 404, 'File Not Found', '2023-11-13 09:46:13', NULL, NULL),
(0000000094, 404, 'File Not Found', '2023-11-13 09:46:13', NULL, NULL),
(0000000095, 404, 'File Not Found', '2023-11-13 09:47:54', NULL, NULL),
(0000000096, 404, 'File Not Found', '2023-11-13 09:47:54', NULL, NULL),
(0000000097, 404, 'File Not Found', '2023-11-13 09:51:03', NULL, NULL),
(0000000098, 404, 'File Not Found', '2023-11-13 09:51:03', NULL, NULL),
(0000000099, 404, 'File Not Found', '2023-11-13 09:51:31', NULL, NULL),
(0000000100, 404, 'File Not Found', '2023-11-13 09:51:31', NULL, NULL),
(0000000101, 404, 'File Not Found', '2023-11-13 09:54:11', NULL, NULL),
(0000000102, 404, 'File Not Found', '2023-11-13 09:54:13', NULL, NULL),
(0000000103, 404, 'File Not Found', '2023-11-13 09:59:06', NULL, NULL),
(0000000104, 404, 'File Not Found', '2023-11-13 09:59:07', NULL, NULL),
(0000000105, 404, 'File Not Found', '2023-11-13 09:59:26', NULL, NULL),
(0000000106, 404, 'File Not Found', '2023-11-13 09:59:26', NULL, NULL),
(0000000107, 404, 'File Not Found', '2023-11-13 09:59:46', NULL, NULL),
(0000000108, 404, 'File Not Found', '2023-11-13 09:59:46', NULL, NULL),
(0000000109, 404, 'File Not Found', '2023-11-13 10:02:41', NULL, NULL),
(0000000110, 404, 'File Not Found', '2023-11-13 10:02:42', NULL, NULL),
(0000000111, 404, 'File Not Found', '2023-11-13 10:03:14', NULL, NULL),
(0000000112, 404, 'File Not Found', '2023-11-13 10:03:14', NULL, NULL),
(0000000113, 404, 'File Not Found', '2023-11-13 10:03:59', NULL, NULL),
(0000000114, 404, 'File Not Found', '2023-11-13 10:03:59', NULL, NULL),
(0000000115, 404, 'File Not Found', '2023-11-13 10:06:24', NULL, NULL),
(0000000116, 404, 'File Not Found', '2023-11-13 10:06:25', NULL, NULL),
(0000000117, 404, 'File Not Found', '2023-11-13 10:06:56', NULL, NULL),
(0000000118, 404, 'File Not Found', '2023-11-13 10:06:56', NULL, NULL),
(0000000119, 404, 'File Not Found', '2023-11-13 10:07:42', NULL, NULL),
(0000000120, 404, 'File Not Found', '2023-11-13 10:07:43', NULL, NULL),
(0000000121, 404, 'File Not Found', '2023-11-13 10:08:16', NULL, NULL),
(0000000122, 404, 'File Not Found', '2023-11-13 10:08:16', NULL, NULL),
(0000000123, 404, 'File Not Found', '2023-11-13 10:08:40', NULL, NULL),
(0000000124, 404, 'File Not Found', '2023-11-13 10:08:40', NULL, NULL),
(0000000125, 404, 'File Not Found', '2023-11-13 10:08:58', NULL, NULL),
(0000000126, 404, 'File Not Found', '2023-11-13 10:08:58', NULL, NULL),
(0000000127, 404, 'File Not Found', '2023-11-13 10:09:26', NULL, NULL),
(0000000128, 404, 'File Not Found', '2023-11-13 10:09:26', NULL, NULL),
(0000000129, 404, 'File Not Found', '2023-11-13 10:09:43', NULL, NULL),
(0000000130, 404, 'File Not Found', '2023-11-13 10:09:43', NULL, NULL),
(0000000131, 404, 'File Not Found', '2023-11-13 10:10:05', NULL, NULL),
(0000000132, 404, 'File Not Found', '2023-11-13 10:10:05', NULL, NULL),
(0000000133, 404, 'File Not Found', '2023-11-13 10:10:27', NULL, NULL),
(0000000134, 404, 'File Not Found', '2023-11-13 10:10:30', NULL, NULL),
(0000000135, 404, 'File Not Found', '2023-11-13 10:11:21', NULL, NULL),
(0000000136, 404, 'File Not Found', '2023-11-13 10:11:21', NULL, NULL),
(0000000137, 404, 'File Not Found', '2023-11-13 10:18:03', NULL, NULL),
(0000000138, 404, 'File Not Found', '2023-11-13 10:18:03', NULL, NULL),
(0000000139, 404, 'File Not Found', '2023-11-13 10:20:35', NULL, NULL),
(0000000140, 404, 'File Not Found', '2023-11-13 10:20:35', NULL, NULL),
(0000000141, 404, 'File Not Found', '2023-11-13 10:20:46', NULL, NULL),
(0000000142, 404, 'File Not Found', '2023-11-13 10:20:49', NULL, NULL),
(0000000143, 404, 'File Not Found', '2023-11-13 10:21:38', NULL, NULL),
(0000000144, 404, 'File Not Found', '2023-11-13 10:21:38', NULL, NULL),
(0000000145, 404, 'File Not Found', '2023-11-13 10:23:42', NULL, NULL),
(0000000146, 404, 'File Not Found', '2023-11-13 10:23:43', NULL, NULL),
(0000000147, 404, 'File Not Found', '2023-11-13 10:24:34', NULL, NULL),
(0000000148, 404, 'File Not Found', '2023-11-13 10:24:34', NULL, NULL),
(0000000149, 404, 'File Not Found', '2023-11-13 10:24:53', NULL, NULL),
(0000000150, 404, 'File Not Found', '2023-11-13 10:24:54', NULL, NULL),
(0000000151, 404, 'File Not Found', '2023-11-13 10:25:33', NULL, NULL),
(0000000152, 404, 'File Not Found', '2023-11-13 10:25:35', NULL, NULL),
(0000000153, 404, 'File Not Found', '2023-11-13 10:25:47', NULL, NULL),
(0000000154, 404, 'File Not Found', '2023-11-13 10:25:47', NULL, NULL),
(0000000155, 404, 'File Not Found', '2023-11-13 10:30:57', NULL, NULL),
(0000000156, 404, 'File Not Found', '2023-11-13 10:30:57', NULL, NULL),
(0000000157, 404, 'File Not Found', '2023-11-13 10:36:44', NULL, NULL),
(0000000158, 404, 'File Not Found', '2023-11-13 10:36:44', NULL, NULL),
(0000000159, 404, 'File Not Found', '2023-11-13 10:37:28', NULL, NULL),
(0000000160, 404, 'File Not Found', '2023-11-13 10:37:29', NULL, NULL),
(0000000161, 404, 'File Not Found', '2023-11-13 10:38:02', NULL, NULL),
(0000000162, 404, 'File Not Found', '2023-11-13 10:38:02', NULL, NULL),
(0000000163, 404, 'File Not Found', '2023-11-13 10:38:40', NULL, NULL),
(0000000164, 404, 'File Not Found', '2023-11-13 10:38:43', NULL, NULL),
(0000000165, 404, 'File Not Found', '2023-11-13 10:38:59', NULL, NULL),
(0000000166, 404, 'File Not Found', '2023-11-13 10:38:59', NULL, NULL),
(0000000167, 404, 'File Not Found', '2023-11-13 10:39:19', NULL, NULL),
(0000000168, 404, 'File Not Found', '2023-11-13 10:39:19', NULL, NULL),
(0000000169, 404, 'File Not Found', '2023-11-13 10:41:13', NULL, NULL),
(0000000170, 404, 'File Not Found', '2023-11-13 10:41:13', NULL, NULL),
(0000000171, 404, 'File Not Found', '2023-11-13 10:48:08', NULL, NULL),
(0000000172, 404, 'File Not Found', '2023-11-13 10:48:10', NULL, NULL),
(0000000173, 404, 'File Not Found', '2023-11-13 10:48:46', NULL, NULL),
(0000000174, 404, 'File Not Found', '2023-11-13 10:48:46', NULL, NULL),
(0000000175, 404, 'File Not Found', '2023-11-13 10:52:32', NULL, NULL),
(0000000176, 404, 'File Not Found', '2023-11-13 10:52:32', NULL, NULL),
(0000000177, 404, 'File Not Found', '2023-11-13 10:53:43', NULL, NULL),
(0000000178, 404, 'File Not Found', '2023-11-13 10:53:44', NULL, NULL),
(0000000179, 404, 'File Not Found', '2023-11-13 10:54:04', NULL, NULL),
(0000000180, 404, 'File Not Found', '2023-11-13 10:54:04', NULL, NULL),
(0000000181, 404, 'File Not Found', '2023-11-13 10:54:12', NULL, NULL),
(0000000182, 404, 'File Not Found', '2023-11-13 10:54:12', NULL, NULL),
(0000000183, 404, 'File Not Found', '2023-11-13 10:54:49', NULL, NULL),
(0000000184, 404, 'File Not Found', '2023-11-13 10:54:49', NULL, NULL),
(0000000185, 404, 'File Not Found', '2023-11-13 10:58:09', NULL, NULL),
(0000000186, 404, 'File Not Found', '2023-11-13 10:58:09', NULL, NULL),
(0000000187, 404, 'File Not Found', '2023-11-13 11:00:49', NULL, NULL),
(0000000188, 404, 'File Not Found', '2023-11-13 11:00:49', NULL, NULL),
(0000000189, 404, 'File Not Found', '2023-11-13 11:19:33', 1000000047, 2023000018),
(0000000190, 404, 'File Not Found', '2023-11-13 11:46:08', NULL, NULL),
(0000000191, 404, 'File Not Found', '2023-11-13 11:46:08', NULL, NULL),
(0000000192, 404, 'File Not Found', '2023-11-13 11:46:46', NULL, NULL),
(0000000193, 404, 'File Not Found', '2023-11-13 11:46:46', NULL, NULL),
(0000000194, 404, 'File Not Found', '2023-11-13 11:48:21', NULL, NULL),
(0000000195, 404, 'File Not Found', '2023-11-13 11:48:21', NULL, NULL),
(0000000196, 404, 'File Not Found', '2023-11-13 11:49:11', NULL, NULL),
(0000000197, 404, 'File Not Found', '2023-11-13 11:49:11', NULL, NULL),
(0000000198, 404, 'File Not Found', '2023-11-13 11:49:27', NULL, NULL),
(0000000199, 404, 'File Not Found', '2023-11-13 11:49:27', NULL, NULL),
(0000000200, 404, 'File Not Found', '2023-11-13 12:06:12', NULL, NULL),
(0000000201, 404, 'File Not Found', '2023-11-13 12:06:12', NULL, NULL),
(0000000202, 404, 'File Not Found', '2023-11-13 12:06:26', NULL, NULL),
(0000000203, 404, 'File Not Found', '2023-11-13 12:06:26', NULL, NULL),
(0000000204, 404, 'File Not Found', '2023-11-13 12:08:02', NULL, NULL),
(0000000205, 404, 'File Not Found', '2023-11-13 12:08:02', NULL, NULL),
(0000000206, 404, 'File Not Found', '2023-11-13 12:08:15', NULL, NULL),
(0000000207, 404, 'File Not Found', '2023-11-13 12:08:18', NULL, NULL),
(0000000208, 404, 'File Not Found', '2023-11-13 12:10:29', NULL, NULL),
(0000000209, 404, 'File Not Found', '2023-11-13 12:10:31', NULL, NULL),
(0000000210, 404, 'File Not Found', '2023-11-13 12:11:29', NULL, NULL),
(0000000211, 404, 'File Not Found', '2023-11-13 12:11:29', NULL, NULL),
(0000000212, 404, 'File Not Found', '2023-11-13 12:46:57', NULL, NULL),
(0000000213, 404, 'File Not Found', '2023-11-13 12:47:00', NULL, NULL),
(0000000214, 404, 'File Not Found', '2023-11-13 12:48:34', NULL, NULL),
(0000000215, 404, 'File Not Found', '2023-11-13 12:48:35', NULL, NULL),
(0000000216, 404, 'File Not Found', '2023-11-13 12:48:54', NULL, NULL),
(0000000217, 404, 'File Not Found', '2023-11-13 12:48:54', NULL, NULL),
(0000000218, 404, 'File Not Found', '2023-11-13 12:49:06', NULL, NULL),
(0000000219, 404, 'File Not Found', '2023-11-13 12:49:10', NULL, NULL),
(0000000220, 404, 'File Not Found', '2023-11-13 12:50:34', NULL, NULL),
(0000000221, 404, 'File Not Found', '2023-11-13 12:50:34', NULL, NULL),
(0000000222, 404, 'File Not Found', '2023-11-13 12:51:59', NULL, NULL),
(0000000223, 404, 'File Not Found', '2023-11-13 12:51:59', NULL, NULL),
(0000000224, 404, 'File Not Found', '2023-11-13 12:52:14', NULL, NULL),
(0000000225, 404, 'File Not Found', '2023-11-13 12:52:14', NULL, NULL),
(0000000226, 404, 'File Not Found', '2023-11-13 12:52:39', NULL, NULL),
(0000000227, 404, 'File Not Found', '2023-11-13 12:52:39', NULL, NULL),
(0000000228, 404, 'File Not Found', '2023-11-13 12:53:19', NULL, NULL),
(0000000229, 404, 'File Not Found', '2023-11-13 12:53:19', NULL, NULL),
(0000000230, 404, 'File Not Found', '2023-11-13 12:53:57', NULL, NULL),
(0000000231, 404, 'File Not Found', '2023-11-13 12:53:57', NULL, NULL),
(0000000232, 404, 'File Not Found', '2023-11-13 12:54:05', NULL, NULL),
(0000000233, 404, 'File Not Found', '2023-11-13 12:54:06', NULL, NULL),
(0000000234, 404, 'File Not Found', '2023-11-13 12:55:03', NULL, NULL),
(0000000235, 404, 'File Not Found', '2023-11-13 12:55:04', NULL, NULL),
(0000000236, 404, 'File Not Found', '2023-11-13 12:55:32', NULL, NULL),
(0000000237, 404, 'File Not Found', '2023-11-13 12:55:32', NULL, NULL),
(0000000238, 404, 'File Not Found', '2023-11-13 12:56:07', NULL, NULL),
(0000000239, 404, 'File Not Found', '2023-11-13 12:56:08', NULL, NULL),
(0000000240, 404, 'File Not Found', '2023-11-13 12:56:36', NULL, NULL),
(0000000241, 404, 'File Not Found', '2023-11-13 12:56:36', NULL, NULL),
(0000000242, 404, 'File Not Found', '2023-11-13 12:56:50', NULL, NULL),
(0000000243, 404, 'File Not Found', '2023-11-13 12:56:51', NULL, NULL),
(0000000244, 404, 'File Not Found', '2023-11-13 12:57:04', NULL, NULL),
(0000000245, 404, 'File Not Found', '2023-11-13 12:57:04', NULL, NULL),
(0000000246, 404, 'File Not Found', '2023-11-13 12:57:21', NULL, NULL),
(0000000247, 404, 'File Not Found', '2023-11-13 12:57:22', NULL, NULL),
(0000000248, 404, 'File Not Found', '2023-11-13 12:57:36', NULL, NULL),
(0000000249, 404, 'File Not Found', '2023-11-13 12:57:37', NULL, NULL),
(0000000250, 404, 'File Not Found', '2023-11-13 12:58:21', NULL, NULL),
(0000000251, 404, 'File Not Found', '2023-11-13 12:58:21', NULL, NULL),
(0000000252, 404, 'File Not Found', '2023-11-13 12:58:36', NULL, NULL),
(0000000253, 404, 'File Not Found', '2023-11-13 12:58:36', NULL, NULL),
(0000000254, 404, 'File Not Found', '2023-11-13 12:58:44', NULL, NULL),
(0000000255, 404, 'File Not Found', '2023-11-13 12:58:45', NULL, NULL),
(0000000256, 404, 'File Not Found', '2023-11-13 13:08:28', NULL, NULL),
(0000000257, 404, 'File Not Found', '2023-11-13 13:08:28', NULL, NULL),
(0000000258, 404, 'File Not Found', '2023-11-13 13:09:30', NULL, NULL),
(0000000259, 404, 'File Not Found', '2023-11-13 13:09:30', NULL, NULL),
(0000000260, 404, 'File Not Found', '2023-11-13 13:09:46', NULL, NULL),
(0000000261, 404, 'File Not Found', '2023-11-13 13:09:46', NULL, NULL),
(0000000262, 404, 'File Not Found', '2023-11-13 14:00:52', NULL, NULL),
(0000000263, 404, 'File Not Found', '2023-11-13 14:00:53', NULL, NULL),
(0000000264, 404, 'File Not Found', '2023-11-13 14:01:37', NULL, NULL),
(0000000265, 404, 'File Not Found', '2023-11-13 14:01:38', NULL, NULL),
(0000000266, 404, 'File Not Found', '2023-11-13 14:01:59', NULL, NULL),
(0000000267, 404, 'File Not Found', '2023-11-13 14:02:00', NULL, NULL),
(0000000268, 404, 'File Not Found', '2023-11-13 14:02:07', NULL, NULL),
(0000000269, 404, 'File Not Found', '2023-11-13 14:02:07', NULL, NULL),
(0000000270, 404, 'File Not Found', '2023-11-13 14:02:13', NULL, NULL),
(0000000271, 404, 'File Not Found', '2023-11-13 14:02:13', NULL, NULL),
(0000000272, 404, 'File Not Found', '2023-11-13 14:02:37', NULL, NULL),
(0000000273, 404, 'File Not Found', '2023-11-13 14:02:38', NULL, NULL),
(0000000274, 404, 'File Not Found', '2023-11-13 14:03:26', NULL, NULL),
(0000000275, 404, 'File Not Found', '2023-11-13 14:03:26', NULL, NULL),
(0000000276, 404, 'File Not Found', '2023-11-13 14:03:34', NULL, NULL),
(0000000277, 404, 'File Not Found', '2023-11-13 14:03:34', NULL, NULL),
(0000000278, 404, 'File Not Found', '2023-11-13 14:03:44', NULL, NULL),
(0000000279, 404, 'File Not Found', '2023-11-13 14:03:44', NULL, NULL),
(0000000280, 404, 'File Not Found', '2023-11-13 14:03:50', NULL, NULL),
(0000000281, 404, 'File Not Found', '2023-11-13 14:03:50', NULL, NULL),
(0000000282, 404, 'File Not Found', '2023-11-13 14:04:27', NULL, NULL),
(0000000283, 404, 'File Not Found', '2023-11-13 14:04:27', NULL, NULL),
(0000000284, 404, 'File Not Found', '2023-11-13 14:05:29', NULL, NULL),
(0000000285, 404, 'File Not Found', '2023-11-13 14:05:30', NULL, NULL),
(0000000286, 404, 'File Not Found', '2023-11-13 14:06:45', NULL, NULL),
(0000000287, 404, 'File Not Found', '2023-11-13 14:06:45', NULL, NULL),
(0000000288, 404, 'File Not Found', '2023-11-13 14:07:03', NULL, NULL),
(0000000289, 404, 'File Not Found', '2023-11-13 14:07:03', NULL, NULL),
(0000000290, 404, 'File Not Found', '2023-11-13 14:07:35', NULL, NULL),
(0000000291, 404, 'File Not Found', '2023-11-13 14:07:35', NULL, NULL),
(0000000292, 404, 'File Not Found', '2023-11-13 14:09:03', NULL, NULL),
(0000000293, 404, 'File Not Found', '2023-11-13 14:09:03', NULL, NULL),
(0000000294, 404, 'File Not Found', '2023-11-13 14:19:18', NULL, NULL),
(0000000295, 404, 'File Not Found', '2023-11-13 14:19:19', NULL, NULL),
(0000000296, 404, 'File Not Found', '2023-11-13 14:19:56', NULL, NULL),
(0000000297, 404, 'File Not Found', '2023-11-13 14:19:56', NULL, NULL),
(0000000298, 404, 'File Not Found', '2023-11-13 14:20:19', NULL, NULL),
(0000000299, 404, 'File Not Found', '2023-11-13 14:20:19', NULL, NULL),
(0000000300, 404, 'File Not Found', '2023-11-13 14:20:37', NULL, NULL),
(0000000301, 404, 'File Not Found', '2023-11-13 14:20:37', NULL, NULL),
(0000000302, 404, 'File Not Found', '2023-11-13 14:20:56', NULL, NULL),
(0000000303, 404, 'File Not Found', '2023-11-13 14:20:57', NULL, NULL),
(0000000304, 404, 'File Not Found', '2023-11-13 14:22:30', NULL, NULL),
(0000000305, 404, 'File Not Found', '2023-11-13 14:22:30', NULL, NULL),
(0000000306, 404, 'File Not Found', '2023-11-13 14:23:44', NULL, NULL),
(0000000307, 404, 'File Not Found', '2023-11-13 14:23:44', NULL, NULL),
(0000000308, 404, 'File Not Found', '2023-11-13 14:23:57', NULL, NULL),
(0000000309, 404, 'File Not Found', '2023-11-13 14:23:57', NULL, NULL),
(0000000310, 404, 'File Not Found', '2023-11-13 14:25:15', NULL, NULL),
(0000000311, 404, 'File Not Found', '2023-11-13 14:25:15', NULL, NULL),
(0000000312, 404, 'File Not Found', '2023-11-13 14:25:51', NULL, NULL),
(0000000313, 404, 'File Not Found', '2023-11-13 14:25:51', NULL, NULL),
(0000000314, 404, 'File Not Found', '2023-11-13 14:37:29', NULL, NULL),
(0000000315, 404, 'File Not Found', '2023-11-13 14:37:30', NULL, NULL),
(0000000316, 404, 'File Not Found', '2023-11-13 16:03:33', NULL, NULL),
(0000000317, 404, 'File Not Found', '2023-11-13 16:03:33', NULL, NULL),
(0000000318, 404, 'File Not Found', '2023-11-13 16:04:04', NULL, NULL),
(0000000319, 404, 'File Not Found', '2023-11-13 16:04:04', NULL, NULL),
(0000000320, 404, 'File Not Found', '2023-11-13 16:04:11', NULL, NULL),
(0000000321, 404, 'File Not Found', '2023-11-13 16:04:11', NULL, NULL),
(0000000322, 404, 'File Not Found', '2023-11-13 16:04:59', NULL, NULL),
(0000000323, 404, 'File Not Found', '2023-11-13 16:04:59', NULL, NULL),
(0000000324, 404, 'File Not Found', '2023-11-13 16:07:08', NULL, NULL),
(0000000325, 404, 'File Not Found', '2023-11-13 16:07:08', NULL, NULL),
(0000000326, 404, 'File Not Found', '2023-11-13 16:07:38', NULL, NULL),
(0000000327, 404, 'File Not Found', '2023-11-13 16:07:38', NULL, NULL),
(0000000328, 404, 'File Not Found', '2023-11-13 16:08:49', NULL, NULL),
(0000000329, 404, 'File Not Found', '2023-11-13 16:08:49', NULL, NULL),
(0000000330, 404, 'File Not Found', '2023-11-13 16:09:59', NULL, NULL),
(0000000331, 404, 'File Not Found', '2023-11-13 16:09:59', NULL, NULL),
(0000000332, 404, 'File Not Found', '2023-11-13 16:11:30', NULL, NULL),
(0000000333, 404, 'File Not Found', '2023-11-13 16:11:30', NULL, NULL),
(0000000334, 404, 'File Not Found', '2023-11-13 16:12:21', NULL, NULL),
(0000000335, 404, 'File Not Found', '2023-11-13 16:12:21', NULL, NULL),
(0000000336, 404, 'File Not Found', '2023-11-13 16:23:24', NULL, NULL),
(0000000337, 404, 'File Not Found', '2023-11-13 16:23:24', NULL, NULL),
(0000000338, 404, 'File Not Found', '2023-11-13 16:41:34', NULL, NULL),
(0000000339, 404, 'File Not Found', '2023-11-13 16:41:35', NULL, NULL),
(0000000340, 404, 'File Not Found', '2023-11-15 01:31:20', NULL, NULL),
(0000000341, 404, 'File Not Found', '2023-11-15 01:31:20', NULL, NULL),
(0000000342, 404, 'File Not Found', '2023-11-15 01:32:27', NULL, NULL),
(0000000343, 404, 'File Not Found', '2023-11-15 01:32:28', NULL, NULL),
(0000000344, 404, 'File Not Found', '2023-11-15 01:39:25', NULL, NULL),
(0000000345, 404, 'File Not Found', '2023-11-15 01:39:26', NULL, NULL),
(0000000346, 404, 'File Not Found', '2023-11-15 01:39:32', NULL, NULL),
(0000000347, 404, 'File Not Found', '2023-11-15 01:39:32', NULL, NULL),
(0000000348, 404, 'File Not Found', '2023-11-15 01:39:44', NULL, NULL),
(0000000349, 404, 'File Not Found', '2023-11-15 01:39:44', NULL, NULL),
(0000000350, 404, 'File Not Found', '2023-11-15 01:40:00', NULL, NULL),
(0000000351, 404, 'File Not Found', '2023-11-15 01:40:00', NULL, NULL),
(0000000352, 404, 'File Not Found', '2023-11-15 01:41:01', NULL, NULL),
(0000000353, 404, 'File Not Found', '2023-11-15 01:41:02', NULL, NULL),
(0000000354, 404, 'File Not Found', '2023-11-15 01:41:09', NULL, NULL),
(0000000355, 404, 'File Not Found', '2023-11-15 01:41:10', NULL, NULL),
(0000000356, 404, 'File Not Found', '2023-11-15 02:03:37', NULL, NULL),
(0000000357, 404, 'File Not Found', '2023-11-15 02:03:38', NULL, NULL),
(0000000358, 404, 'File Not Found', '2023-11-15 02:04:14', NULL, NULL),
(0000000359, 404, 'File Not Found', '2023-11-15 02:04:14', NULL, NULL),
(0000000360, 404, 'File Not Found', '2023-11-15 02:04:41', NULL, NULL),
(0000000361, 404, 'File Not Found', '2023-11-15 02:04:42', NULL, NULL),
(0000000362, 404, 'File Not Found', '2023-11-15 02:04:55', NULL, NULL),
(0000000363, 404, 'File Not Found', '2023-11-15 02:04:55', NULL, NULL),
(0000000364, 404, 'File Not Found', '2023-11-15 02:05:18', NULL, NULL),
(0000000365, 404, 'File Not Found', '2023-11-15 02:05:18', NULL, NULL),
(0000000366, 404, 'File Not Found', '2023-11-15 02:05:30', NULL, NULL),
(0000000367, 404, 'File Not Found', '2023-11-15 02:05:31', NULL, NULL),
(0000000368, 404, 'File Not Found', '2023-11-15 02:08:03', NULL, NULL),
(0000000369, 404, 'File Not Found', '2023-11-15 02:08:03', NULL, NULL),
(0000000370, 404, 'File Not Found', '2023-11-15 02:10:01', NULL, NULL),
(0000000371, 404, 'File Not Found', '2023-11-15 02:10:01', NULL, NULL),
(0000000372, 404, 'File Not Found', '2023-11-15 02:14:04', NULL, NULL),
(0000000373, 404, 'File Not Found', '2023-11-15 02:14:05', NULL, NULL),
(0000000374, 404, 'File Not Found', '2023-11-15 02:17:20', NULL, NULL),
(0000000375, 404, 'File Not Found', '2023-11-15 02:17:20', NULL, NULL),
(0000000376, 404, 'File Not Found', '2023-11-15 02:18:39', NULL, NULL),
(0000000377, 404, 'File Not Found', '2023-11-15 02:18:40', NULL, NULL),
(0000000378, 404, 'File Not Found', '2023-11-15 02:18:52', NULL, NULL),
(0000000379, 404, 'File Not Found', '2023-11-15 02:18:52', NULL, NULL),
(0000000380, 404, 'File Not Found', '2023-11-15 02:19:40', NULL, NULL),
(0000000381, 404, 'File Not Found', '2023-11-15 02:19:40', NULL, NULL),
(0000000382, 404, 'File Not Found', '2023-11-15 02:20:03', NULL, NULL),
(0000000383, 404, 'File Not Found', '2023-11-15 02:20:03', NULL, NULL),
(0000000384, 404, 'File Not Found', '2023-11-15 02:20:37', NULL, NULL),
(0000000385, 404, 'File Not Found', '2023-11-15 02:20:38', NULL, NULL),
(0000000386, 404, 'File Not Found', '2023-11-15 02:20:48', NULL, NULL),
(0000000387, 404, 'File Not Found', '2023-11-15 02:20:48', NULL, NULL),
(0000000388, 404, 'File Not Found', '2023-11-15 02:21:13', NULL, NULL),
(0000000389, 404, 'File Not Found', '2023-11-15 02:21:13', NULL, NULL),
(0000000390, 404, 'File Not Found', '2023-11-15 02:21:28', NULL, NULL),
(0000000391, 404, 'File Not Found', '2023-11-15 02:21:28', NULL, NULL),
(0000000392, 404, 'File Not Found', '2023-11-15 02:22:25', NULL, NULL),
(0000000393, 404, 'File Not Found', '2023-11-15 02:22:25', NULL, NULL),
(0000000394, 404, 'File Not Found', '2023-11-15 02:23:19', NULL, NULL),
(0000000395, 404, 'File Not Found', '2023-11-15 02:23:22', NULL, NULL),
(0000000396, 404, 'File Not Found', '2023-11-15 02:27:41', NULL, NULL),
(0000000397, 404, 'File Not Found', '2023-11-15 02:27:41', NULL, NULL),
(0000000398, 404, 'File Not Found', '2023-11-15 02:52:45', NULL, NULL),
(0000000399, 404, 'File Not Found', '2023-11-15 02:52:46', NULL, NULL),
(0000000400, 404, 'File Not Found', '2023-11-15 14:37:34', NULL, NULL),
(0000000401, 404, 'File Not Found', '2023-11-15 14:37:34', NULL, NULL),
(0000000402, 404, 'File Not Found', '2023-11-15 14:41:19', NULL, NULL),
(0000000403, 404, 'File Not Found', '2023-11-15 14:41:19', NULL, NULL),
(0000000404, 404, 'File Not Found', '2023-11-15 14:41:19', NULL, NULL),
(0000000405, 404, 'File Not Found', '2023-11-15 14:41:19', NULL, NULL),
(0000000406, 404, 'File Not Found', '2023-11-15 14:41:20', NULL, NULL),
(0000000407, 404, 'File Not Found', '2023-11-15 14:41:20', NULL, NULL),
(0000000408, 404, 'File Not Found', '2023-11-15 14:41:21', NULL, NULL),
(0000000409, 404, 'File Not Found', '2023-11-15 14:41:21', NULL, NULL),
(0000000410, 404, 'File Not Found', '2023-11-15 14:42:05', NULL, NULL),
(0000000411, 404, 'File Not Found', '2023-11-15 14:42:05', NULL, NULL),
(0000000412, 404, 'File Not Found', '2023-11-15 14:42:06', NULL, NULL),
(0000000413, 404, 'File Not Found', '2023-11-15 14:42:06', NULL, NULL),
(0000000414, 404, 'File Not Found', '2023-11-15 14:42:06', NULL, NULL),
(0000000415, 404, 'File Not Found', '2023-11-15 14:42:07', NULL, NULL),
(0000000416, 404, 'File Not Found', '2023-11-15 14:42:07', NULL, NULL),
(0000000417, 404, 'File Not Found', '2023-11-15 14:42:07', NULL, NULL),
(0000000418, 404, 'File Not Found', '2023-11-15 14:42:11', NULL, NULL),
(0000000419, 404, 'File Not Found', '2023-11-15 14:42:11', NULL, NULL),
(0000000420, 404, 'File Not Found', '2023-11-15 14:42:11', NULL, NULL),
(0000000421, 404, 'File Not Found', '2023-11-15 14:42:11', NULL, NULL),
(0000000422, 404, 'File Not Found', '2023-11-15 14:42:11', NULL, NULL),
(0000000423, 404, 'File Not Found', '2023-11-15 14:42:12', NULL, NULL),
(0000000424, 404, 'File Not Found', '2023-11-15 14:42:12', NULL, NULL),
(0000000425, 404, 'File Not Found', '2023-11-15 14:42:12', NULL, NULL),
(0000000426, 404, 'File Not Found', '2023-11-15 14:42:14', NULL, NULL),
(0000000427, 404, 'File Not Found', '2023-11-15 14:42:14', NULL, NULL),
(0000000428, 404, 'File Not Found', '2023-11-15 14:42:14', NULL, NULL),
(0000000429, 404, 'File Not Found', '2023-11-15 14:42:14', NULL, NULL),
(0000000430, 404, 'File Not Found', '2023-11-15 14:42:14', NULL, NULL),
(0000000431, 404, 'File Not Found', '2023-11-15 14:42:14', NULL, NULL),
(0000000432, 404, 'File Not Found', '2023-11-15 14:42:14', NULL, NULL),
(0000000433, 404, 'File Not Found', '2023-11-15 14:42:15', NULL, NULL),
(0000000434, 404, 'File Not Found', '2023-11-15 14:46:44', NULL, NULL),
(0000000435, 404, 'File Not Found', '2023-11-15 14:46:44', NULL, NULL),
(0000000436, 404, 'File Not Found', '2023-11-15 14:46:44', NULL, NULL),
(0000000437, 404, 'File Not Found', '2023-11-15 14:46:45', NULL, NULL),
(0000000438, 404, 'File Not Found', '2023-11-15 14:46:46', NULL, NULL),
(0000000439, 404, 'File Not Found', '2023-11-15 14:46:46', NULL, NULL),
(0000000440, 404, 'File Not Found', '2023-11-15 14:46:46', NULL, NULL),
(0000000441, 404, 'File Not Found', '2023-11-15 14:46:46', NULL, NULL),
(0000000442, 404, 'File Not Found', '2023-11-15 14:47:11', NULL, NULL),
(0000000443, 404, 'File Not Found', '2023-11-15 14:47:11', NULL, NULL),
(0000000444, 404, 'File Not Found', '2023-11-15 14:47:12', NULL, NULL),
(0000000445, 404, 'File Not Found', '2023-11-15 14:47:12', NULL, NULL),
(0000000446, 404, 'File Not Found', '2023-11-15 14:47:12', NULL, NULL),
(0000000447, 404, 'File Not Found', '2023-11-15 14:47:13', NULL, NULL),
(0000000448, 404, 'File Not Found', '2023-11-15 14:47:14', NULL, NULL),
(0000000449, 404, 'File Not Found', '2023-11-15 14:47:14', NULL, NULL),
(0000000450, 404, 'File Not Found', '2023-11-15 14:47:29', NULL, NULL),
(0000000451, 404, 'File Not Found', '2023-11-15 14:47:29', NULL, NULL),
(0000000452, 404, 'File Not Found', '2023-11-15 14:47:30', NULL, NULL),
(0000000453, 404, 'File Not Found', '2023-11-15 14:47:30', NULL, NULL),
(0000000454, 404, 'File Not Found', '2023-11-15 14:47:30', NULL, NULL),
(0000000455, 404, 'File Not Found', '2023-11-15 14:47:30', NULL, NULL),
(0000000456, 404, 'File Not Found', '2023-11-15 14:47:31', NULL, NULL),
(0000000457, 404, 'File Not Found', '2023-11-15 14:47:31', NULL, NULL),
(0000000458, 404, 'File Not Found', '2023-11-15 14:48:02', NULL, NULL),
(0000000459, 404, 'File Not Found', '2023-11-15 14:48:03', NULL, NULL),
(0000000460, 404, 'File Not Found', '2023-11-15 14:48:03', NULL, NULL),
(0000000461, 404, 'File Not Found', '2023-11-15 14:48:03', NULL, NULL),
(0000000462, 404, 'File Not Found', '2023-11-15 14:48:42', NULL, NULL),
(0000000463, 404, 'File Not Found', '2023-11-15 14:48:42', NULL, NULL),
(0000000464, 404, 'File Not Found', '2023-11-15 14:48:44', NULL, NULL),
(0000000465, 404, 'File Not Found', '2023-11-15 14:48:44', NULL, NULL),
(0000000466, 404, 'File Not Found', '2023-11-15 14:49:41', NULL, NULL),
(0000000467, 404, 'File Not Found', '2023-11-15 14:49:41', NULL, NULL),
(0000000468, 404, 'File Not Found', '2023-11-15 14:49:43', NULL, NULL),
(0000000469, 404, 'File Not Found', '2023-11-15 14:49:43', NULL, NULL),
(0000000470, 404, 'File Not Found', '2023-11-15 14:50:25', NULL, NULL),
(0000000471, 404, 'File Not Found', '2023-11-15 14:50:28', NULL, NULL),
(0000000472, 404, 'File Not Found', '2023-11-15 14:52:41', NULL, NULL),
(0000000473, 404, 'File Not Found', '2023-11-15 14:52:41', NULL, NULL),
(0000000474, 404, 'File Not Found', '2023-11-15 14:52:53', NULL, NULL),
(0000000475, 404, 'File Not Found', '2023-11-15 14:52:53', NULL, NULL),
(0000000476, 404, 'File Not Found', '2023-11-15 14:53:10', NULL, NULL),
(0000000477, 404, 'File Not Found', '2023-11-15 14:53:10', NULL, NULL),
(0000000478, 404, 'File Not Found', '2023-11-15 14:53:37', NULL, NULL),
(0000000479, 404, 'File Not Found', '2023-11-15 14:53:37', NULL, NULL),
(0000000480, 404, 'File Not Found', '2023-11-15 14:54:23', NULL, NULL),
(0000000481, 404, 'File Not Found', '2023-11-15 14:54:24', NULL, NULL),
(0000000482, 404, 'File Not Found', '2023-11-15 19:44:30', NULL, NULL),
(0000000483, 404, 'File Not Found', '2023-11-15 19:44:30', NULL, NULL),
(0000000484, 404, 'File Not Found', '2023-11-15 19:44:39', NULL, NULL),
(0000000485, 404, 'File Not Found', '2023-11-15 19:44:40', NULL, NULL),
(0000000486, 404, 'File Not Found', '2023-11-15 19:44:59', NULL, NULL),
(0000000487, 404, 'File Not Found', '2023-11-15 19:44:59', NULL, NULL),
(0000000488, 404, 'File Not Found', '2023-11-15 19:45:19', NULL, NULL),
(0000000489, 404, 'File Not Found', '2023-11-15 19:45:19', NULL, NULL),
(0000000490, 404, 'File Not Found', '2023-11-15 19:45:29', NULL, NULL),
(0000000491, 404, 'File Not Found', '2023-11-15 19:45:29', NULL, NULL),
(0000000492, 404, 'File Not Found', '2023-11-15 19:46:03', NULL, NULL),
(0000000493, 404, 'File Not Found', '2023-11-15 19:46:04', NULL, NULL),
(0000000494, 404, 'File Not Found', '2023-11-16 04:00:59', NULL, NULL),
(0000000495, 404, 'File Not Found', '2023-11-16 04:01:00', NULL, NULL),
(0000000496, 404, 'File Not Found', '2023-11-16 04:06:38', NULL, NULL),
(0000000497, 404, 'File Not Found', '2023-11-16 04:06:38', NULL, NULL),
(0000000498, 404, 'File Not Found', '2023-11-16 04:07:11', NULL, NULL),
(0000000499, 404, 'File Not Found', '2023-11-16 04:07:11', NULL, NULL),
(0000000500, 404, 'File Not Found', '2023-11-16 04:07:12', NULL, NULL),
(0000000501, 404, 'File Not Found', '2023-11-16 04:07:13', NULL, NULL),
(0000000502, 404, 'File Not Found', '2023-11-16 04:07:13', NULL, NULL),
(0000000503, 404, 'File Not Found', '2023-11-16 04:07:14', NULL, NULL),
(0000000504, 404, 'File Not Found', '2023-11-16 04:07:15', NULL, NULL),
(0000000505, 404, 'File Not Found', '2023-11-16 04:07:15', NULL, NULL),
(0000000506, 404, 'File Not Found', '2023-11-16 04:07:16', NULL, NULL),
(0000000507, 404, 'File Not Found', '2023-11-16 04:07:17', NULL, NULL),
(0000000508, 404, 'File Not Found', '2023-11-16 04:07:17', NULL, NULL),
(0000000509, 404, 'File Not Found', '2023-11-16 04:07:17', NULL, NULL),
(0000000510, 404, 'File Not Found', '2023-11-16 04:07:18', NULL, NULL),
(0000000511, 404, 'File Not Found', '2023-11-16 04:07:18', NULL, NULL),
(0000000512, 404, 'File Not Found', '2023-11-16 04:07:18', NULL, NULL),
(0000000513, 404, 'File Not Found', '2023-11-16 04:08:20', NULL, NULL),
(0000000514, 404, 'File Not Found', '2023-11-16 04:08:22', NULL, NULL),
(0000000515, 404, 'File Not Found', '2023-11-16 04:08:23', NULL, NULL),
(0000000516, 404, 'File Not Found', '2023-11-16 04:08:27', NULL, NULL),
(0000000517, 404, 'File Not Found', '2023-11-16 04:08:27', NULL, NULL),
(0000000518, 404, 'File Not Found', '2023-11-16 04:08:28', NULL, NULL),
(0000000519, 404, 'File Not Found', '2023-11-16 04:13:12', NULL, NULL),
(0000000520, 404, 'File Not Found', '2023-11-16 04:13:12', NULL, NULL),
(0000000521, 404, 'File Not Found', '2023-11-16 04:13:13', NULL, NULL),
(0000000522, 404, 'File Not Found', '2023-11-16 04:13:51', NULL, NULL),
(0000000523, 404, 'File Not Found', '2023-11-16 04:13:51', NULL, NULL),
(0000000524, 404, 'File Not Found', '2023-11-16 04:13:51', NULL, NULL),
(0000000525, 404, 'File Not Found', '2023-11-16 04:15:01', NULL, NULL),
(0000000526, 404, 'File Not Found', '2023-11-16 04:15:01', NULL, NULL),
(0000000527, 404, 'File Not Found', '2023-11-16 04:15:01', NULL, NULL),
(0000000528, 404, 'File Not Found', '2023-11-16 04:15:47', NULL, NULL),
(0000000529, 404, 'File Not Found', '2023-11-16 04:15:47', NULL, NULL),
(0000000530, 404, 'File Not Found', '2023-11-16 04:15:47', NULL, NULL),
(0000000531, 404, 'File Not Found', '2023-11-16 04:17:04', NULL, NULL),
(0000000532, 404, 'File Not Found', '2023-11-16 04:17:04', NULL, NULL),
(0000000533, 404, 'File Not Found', '2023-11-16 04:17:12', NULL, NULL),
(0000000534, 404, 'File Not Found', '2023-11-16 04:17:12', NULL, NULL),
(0000000535, 404, 'File Not Found', '2023-11-16 04:17:19', NULL, NULL),
(0000000536, 404, 'File Not Found', '2023-11-16 04:17:19', NULL, NULL),
(0000000537, 404, 'File Not Found', '2023-11-16 04:17:20', NULL, NULL),
(0000000538, 404, 'File Not Found', '2023-11-16 04:17:32', NULL, NULL),
(0000000539, 404, 'File Not Found', '2023-11-16 04:17:33', NULL, NULL),
(0000000540, 404, 'File Not Found', '2023-11-16 04:17:33', NULL, NULL),
(0000000541, 404, 'File Not Found', '2023-11-16 04:17:38', NULL, NULL),
(0000000542, 404, 'File Not Found', '2023-11-16 04:17:41', NULL, NULL),
(0000000543, 404, 'File Not Found', '2023-11-16 04:17:41', NULL, NULL),
(0000000544, 404, 'File Not Found', '2023-11-16 04:17:42', NULL, NULL),
(0000000545, 404, 'File Not Found', '2023-11-16 04:17:42', NULL, NULL),
(0000000546, 401, 'Authorization Required', '2023-11-16 04:17:44', NULL, NULL),
(0000000547, 404, 'File Not Found', '2023-11-16 04:17:44', NULL, NULL),
(0000000548, 404, 'File Not Found', '2023-11-16 04:17:45', NULL, NULL),
(0000000549, 404, 'File Not Found', '2023-11-16 04:17:47', NULL, NULL),
(0000000550, 404, 'File Not Found', '2023-11-16 04:17:47', NULL, NULL),
(0000000551, 404, 'File Not Found', '2023-11-16 04:17:47', NULL, NULL),
(0000000552, 404, 'File Not Found', '2023-11-16 04:17:51', NULL, NULL),
(0000000553, 404, 'File Not Found', '2023-11-16 04:17:51', NULL, NULL),
(0000000554, 404, 'File Not Found', '2023-11-16 04:22:23', NULL, NULL),
(0000000555, 404, 'File Not Found', '2023-11-16 04:22:23', NULL, NULL),
(0000000556, 404, 'File Not Found', '2023-11-16 04:22:23', NULL, NULL),
(0000000557, 404, 'File Not Found', '2023-11-16 04:23:08', NULL, NULL),
(0000000558, 404, 'File Not Found', '2023-11-16 04:23:08', NULL, NULL),
(0000000559, 404, 'File Not Found', '2023-11-16 04:23:08', NULL, NULL),
(0000000560, 404, 'File Not Found', '2023-11-16 04:23:08', NULL, NULL),
(0000000561, 404, 'File Not Found', '2023-11-16 04:23:30', NULL, NULL),
(0000000562, 404, 'File Not Found', '2023-11-16 04:23:30', NULL, NULL),
(0000000563, 404, 'File Not Found', '2023-11-16 04:23:30', NULL, NULL),
(0000000564, 404, 'File Not Found', '2023-11-16 04:23:31', NULL, NULL),
(0000000565, 404, 'File Not Found', '2023-11-16 05:57:11', NULL, NULL),
(0000000566, 404, 'File Not Found', '2023-11-16 05:57:11', NULL, NULL),
(0000000567, 404, 'File Not Found', '2023-11-16 05:57:12', NULL, NULL),
(0000000568, 404, 'File Not Found', '2023-11-16 05:57:33', NULL, NULL),
(0000000569, 404, 'File Not Found', '2023-11-16 05:57:33', NULL, NULL),
(0000000570, 404, 'File Not Found', '2023-11-16 05:57:33', NULL, NULL),
(0000000571, 404, 'File Not Found', '2023-11-16 05:57:50', NULL, NULL),
(0000000572, 404, 'File Not Found', '2023-11-16 05:57:50', NULL, NULL),
(0000000573, 404, 'File Not Found', '2023-11-16 05:57:50', NULL, NULL),
(0000000574, 404, 'File Not Found', '2023-11-16 06:07:07', NULL, NULL),
(0000000575, 404, 'File Not Found', '2023-11-16 06:07:07', NULL, NULL),
(0000000576, 404, 'File Not Found', '2023-11-16 06:07:07', NULL, NULL),
(0000000577, 404, 'File Not Found', '2023-11-16 06:07:08', NULL, NULL),
(0000000578, 404, 'File Not Found', '2023-11-16 06:07:09', NULL, NULL),
(0000000579, 404, 'File Not Found', '2023-11-16 06:07:09', NULL, NULL),
(0000000580, 404, 'File Not Found', '2023-11-16 06:07:21', NULL, NULL),
(0000000581, 404, 'File Not Found', '2023-11-16 06:07:21', NULL, NULL),
(0000000582, 404, 'File Not Found', '2023-11-16 06:07:21', NULL, NULL),
(0000000583, 404, 'File Not Found', '2023-11-16 06:07:36', NULL, NULL),
(0000000584, 404, 'File Not Found', '2023-11-16 06:07:37', NULL, NULL),
(0000000585, 404, 'File Not Found', '2023-11-16 06:07:38', NULL, NULL),
(0000000586, 404, 'File Not Found', '2023-11-16 06:11:35', NULL, NULL),
(0000000587, 404, 'File Not Found', '2023-11-16 06:11:37', NULL, NULL),
(0000000588, 404, 'File Not Found', '2023-11-16 06:19:45', NULL, NULL),
(0000000589, 404, 'File Not Found', '2023-11-16 06:19:45', NULL, NULL),
(0000000590, 404, 'File Not Found', '2023-11-16 06:20:09', NULL, NULL),
(0000000591, 404, 'File Not Found', '2023-11-16 06:20:17', NULL, NULL),
(0000000592, 404, 'File Not Found', '2023-11-16 06:22:19', NULL, NULL),
(0000000593, 404, 'File Not Found', '2023-11-16 06:22:40', NULL, NULL);

CREATE TABLE `otp` (
  `_oid` int(10) UNSIGNED ZEROFILL NOT NULL,
  `code` text NOT NULL,
  `session_id` int(10) UNSIGNED DEFAULT NULL,
  `user_id` int(10) UNSIGNED DEFAULT NULL,
  `created_time` int(11) NOT NULL COMMENT 'The time this opt was generated expired every 15 minutes',
  `action_type` varchar(20) NOT NULL COMMENT 'LOGIN\r\nACCOUNT_CREATION\r\nFORGOT_PASSWORD',
  `temp_id` text DEFAULT NULL
) ENGINE=InnoDB DEFAULT CHARSET=latin1 COLLATE=latin1_swedish_ci;

INSERT INTO `otp` (`_oid`, `code`, `session_id`, `user_id`, `created_time`, `action_type`, `temp_id`) VALUES
(0000000001, '330809', NULL, NULL, 1699888267, 'ACCOUNT_CREATION', ''),
(0000000002, '752966', NULL, NULL, 1699888307, 'ACCOUNT_CREATION', ''),
(0000000003, '283631', NULL, NULL, 1699888349, 'ACCOUNT_CREATION', ''),
(0000000004, '158389', NULL, NULL, 1699888443, 'ACCOUNT_CREATION', ''),
(0000000005, '297314', NULL, NULL, 1699889078, 'ACCOUNT_CREATION', '');

CREATE TABLE `passwordchanged` (
  `_pid` int(10) UNSIGNED ZEROFILL NOT NULL,
  `date_accessed` text NOT NULL,
  `session_id` int(10) UNSIGNED NOT NULL,
  `user_id` int(10) UNSIGNED NOT NULL,
  `event_type` varchar(20) NOT NULL
) ENGINE=InnoDB DEFAULT CHARSET=latin1 COLLATE=latin1_swedish_ci;

INSERT INTO `passwordchanged` (`_pid`, `date_accessed`, `session_id`, `user_id`, `event_type`) VALUES
(0000000001, '2023-10-31 02:20:22', 1000000045, 2023000017, 'change-password'),
(0000000002, '2023-11-13 11:02:59', 1000000047, 2023000018, 'change-password');

CREATE TABLE `profilepic` (
  `_pid` int(10) UNSIGNED ZEROFILL NOT NULL,
  `profilepic` text NOT NULL COMMENT 'base64 format of user profile picture',
  `user_id` int(10) UNSIGNED NOT NULL
) ENGINE=InnoDB DEFAULT CHARSET=latin1 COLLATE=latin1_swedish_ci;


ALTER TABLE `account`
  ADD PRIMARY KEY (`_id`);

ALTER TABLE `account_session`
  ADD PRIMARY KEY (`_sid`),
  ADD KEY `user_id` (`user_id`);

ALTER TABLE `error`
  ADD PRIMARY KEY (`_eid`),
  ADD KEY `error_session_id` (`session_id`),
  ADD KEY `error_user_id` (`user_id`);

ALTER TABLE `otp`
  ADD PRIMARY KEY (`_oid`),
  ADD KEY `session_otp_id` (`session_id`),
  ADD KEY `account_otp_id` (`user_id`);

ALTER TABLE `passwordchanged`
  ADD PRIMARY KEY (`_pid`),
  ADD KEY `password_account_id` (`user_id`),
  ADD KEY `password_session_id` (`session_id`);

ALTER TABLE `profilepic`
  ADD PRIMARY KEY (`_pid`),
  ADD KEY `account_profile_id` (`user_id`);


ALTER TABLE `account`
  MODIFY `_id` int(10) UNSIGNED ZEROFILL NOT NULL AUTO_INCREMENT, AUTO_INCREMENT=2023000026;

ALTER TABLE `account_session`
  MODIFY `_sid` int(10) UNSIGNED ZEROFILL NOT NULL AUTO_INCREMENT, AUTO_INCREMENT=1000000048;

ALTER TABLE `error`
  MODIFY `_eid` int(10) UNSIGNED ZEROFILL NOT NULL AUTO_INCREMENT, AUTO_INCREMENT=594;

ALTER TABLE `otp`
  MODIFY `_oid` int(10) UNSIGNED ZEROFILL NOT NULL AUTO_INCREMENT, AUTO_INCREMENT=6;

ALTER TABLE `passwordchanged`
  MODIFY `_pid` int(10) UNSIGNED ZEROFILL NOT NULL AUTO_INCREMENT, AUTO_INCREMENT=3;

ALTER TABLE `profilepic`
  MODIFY `_pid` int(10) UNSIGNED ZEROFILL NOT NULL AUTO_INCREMENT;


ALTER TABLE `account_session`
  ADD CONSTRAINT `account_session_ibfk_1` FOREIGN KEY (`user_id`) REFERENCES `account` (`_id`);

ALTER TABLE `error`
  ADD CONSTRAINT `error_session_id` FOREIGN KEY (`session_id`) REFERENCES `account_session` (`_sid`),
  ADD CONSTRAINT `error_user_id` FOREIGN KEY (`user_id`) REFERENCES `account` (`_id`);

ALTER TABLE `otp`
  ADD CONSTRAINT `account_otp_id` FOREIGN KEY (`user_id`) REFERENCES `account` (`_id`),
  ADD CONSTRAINT `session_otp_id` FOREIGN KEY (`session_id`) REFERENCES `account_session` (`_sid`);

ALTER TABLE `passwordchanged`
  ADD CONSTRAINT `password_account_id` FOREIGN KEY (`user_id`) REFERENCES `account` (`_id`),
  ADD CONSTRAINT `password_session_id` FOREIGN KEY (`session_id`) REFERENCES `account_session` (`_sid`);

ALTER TABLE `profilepic`
  ADD CONSTRAINT `account_profile_id` FOREIGN KEY (`user_id`) REFERENCES `account` (`_id`);
COMMIT;

/*!40101 SET CHARACTER_SET_CLIENT=@OLD_CHARACTER_SET_CLIENT */;
/*!40101 SET CHARACTER_SET_RESULTS=@OLD_CHARACTER_SET_RESULTS */;
/*!40101 SET COLLATION_CONNECTION=@OLD_COLLATION_CONNECTION */;
